pca_dim,eps,min_samples,n_clusters_found,silhouette,mi,combined_score,precision,recall,f1,noise_percentage,n_clusters_found_std,silhouette_std,mi_std,combined_score_std,precision_std,recall_std,f1_std,noise_percentage_std
3,0.2,5,23.0,0.6387268438226859,0.384357817723542,1.023084661546228,100.0,92.21902017291067,95.95202398800599,2.8800000000000003,0.0,0.0,0.0,0.0,0.0,1.4210854715202004e-14,0.0,4.440892098500626e-16
3,0.2,10,15.0,0.6647133360968421,0.3783623510247573,1.0430756871215994,100.0,92.21902017291067,95.95202398800599,4.14,0.0,0.0,0.0,0.0,0.0,1.4210854715202004e-14,0.0,0.0
3,0.2,15,12.0,0.6798639014089575,0.3762598859210125,1.05612378732997,100.0,92.21902017291067,95.95202398800599,5.18,0.0,0.0,0.0,0.0,0.0,1.4210854715202004e-14,0.0,0.0
3,0.2,20,11.0,0.6802546517858161,0.37498267491528364,1.0552373267011,100.0,92.21902017291067,95.95202398800599,5.760000000000001,0.0,0.0,5.551115123125783e-17,0.0,0.0,1.4210854715202004e-14,0.0,8.881784197001252e-16
3,0.2,50,6.0,0.7042270703516329,0.3677760598386762,1.072003130190309,100.0,92.21902017291067,95.95202398800599,10.699999999999998,0.0,0.0,0.0,0.0,0.0,1.4210854715202004e-14,0.0,1.7763568394002505e-15
3,0.3,5,15.0,0.6199038287460333,0.3828486863850025,1.002752515131036,100.0,92.21902017291067,95.95202398800599,2.08,0.0,0.0,0.0,0.0,0.0,1.4210854715202004e-14,0.0,0.0
3,0.3,10,13.0,0.6210596534367474,0.3812821116552459,1.0023417650919932,100.0,92.21902017291067,95.95202398800599,2.52,0.0,0.0,5.551115123125783e-17,0.0,0.0,1.4210854715202004e-14,0.0,0.0
3,0.3,15,10.0,0.6227070692603087,0.3783899419932233,1.001097011253532,100.0,92.21902017291067,95.95202398800599,3.4599999999999995,0.0,0.0,0.0,0.0,0.0,1.4210854715202004e-14,0.0,4.440892098500626e-16
3,0.3,20,9.0,0.6263662043460686,0.3759853404099884,1.002351544756057,100.0,92.21902017291067,95.95202398800599,4.22,0.0,0.0,5.551115123125783e-17,0.0,0.0,1.4210854715202004e-14,0.0,0.0
3,0.3,50,5.0,0.655039657259878,0.36993820179957676,1.024977859059455,100.0,92.21902017291067,95.95202398800599,7.86,0.0,0.0,5.551115123125783e-17,0.0,0.0,1.4210854715202004e-14,0.0,0.0
3,0.4,5,11.0,0.7440760991649166,0.38317460825715016,1.1272507074220668,100.0,92.21902017291067,95.95202398800599,1.4400000000000002,0.0,0.0,5.551115123125783e-17,0.0,0.0,1.4210854715202004e-14,0.0,2.220446049250313e-16
3,0.4,10,9.0,0.7449200923412628,0.3823644867332341,1.127284579074497,100.0,92.21902017291067,95.95202398800599,1.78,0.0,1.1102230246251565e-16,0.0,0.0,0.0,1.4210854715202004e-14,0.0,0.0
3,0.4,15,8.0,0.7467649349845097,0.3820354786043929,1.1288004135889027,100.0,92.21902017291067,95.95202398800599,2.1,0.0,0.0,0.0,0.0,0.0,1.4210854715202004e-14,0.0,0.0
3,0.4,20,7.0,0.7505332518032041,0.3801469378140852,1.1306801896172893,100.0,92.21902017291067,95.95202398800599,2.56,0.0,0.0,0.0,0.0,0.0,1.4210854715202004e-14,0.0,0.0
3,0.4,50,4.0,0.8258270040483192,0.37232805229756333,1.1981550563458825,100.0,92.21902017291067,95.95202398800599,5.680000000000001,0.0,0.0,0.0,0.0,0.0,1.4210854715202004e-14,0.0,0.0
3,0.5,5,11.0,0.7379933747267918,0.37716973053023634,1.1151631052570283,100.0,92.21902017291067,95.95202398800599,1.2,0.0,1.1102230246251565e-16,5.551115123125783e-17,0.0,0.0,1.4210854715202004e-14,0.0,0.0
3,0.5,10,8.0,0.7380433462635029,0.3762807427251442,1.114324088988647,100.0,92.21902017291067,95.95202398800599,1.5599999999999998,0.0,1.1102230246251565e-16,0.0,0.0,0.0,1.4210854715202004e-14,0.0,0.0
3,0.5,15,7.0,0.741277045334446,0.37585025072079187,1.1171272960552379,100.0,92.21902017291067,95.95202398800599,1.82,0.0,0.0,0.0,0.0,0.0,1.4210854715202004e-14,0.0,0.0
3,0.5,20,6.0,0.7439037217939645,0.37520466177409495,1.1191083835680593,100.0,92.21902017291067,95.95202398800599,2.22,0.0,0.0,0.0,0.0,0.0,1.4210854715202004e-14,0.0,0.0
3,0.5,50,5.0,0.809167420691313,0.37223330182854486,1.181400722519858,100.0,92.21902017291067,95.95202398800599,3.44,0.0,1.1102230246251565e-16,0.0,0.0,0.0,1.4210854715202004e-14,0.0,0.0
3,0.6,5,10.0,0.6993701261954622,0.35237922398950855,1.0517493501849708,100.0,92.507204610951,96.10778443113772,0.8000000000000002,0.0,0.0,5.551115123125783e-17,0.0,0.0,0.0,0.0,1.1102230246251565e-16
3,0.6,10,6.0,0.7496133876727534,0.35236437980363267,1.1019777674763862,100.0,92.507204610951,96.10778443113772,1.4400000000000002,0.0,0.0,0.0,0.0,0.0,0.0,0.0,2.220446049250313e-16
3,0.6,15,5.0,0.769081093322279,0.3519257621127954,1.1210068554350745,100.0,92.507204610951,96.10778443113772,1.68,0.0,0.0,0.0,0.0,0.0,0.0,0.0,0.0
3,0.6,20,4.0,0.7835374562019263,0.3513545869877907,1.134892043189717,100.0,92.507204610951,96.10778443113772,2.06,0.0,1.1102230246251565e-16,5.551115123125783e-17,0.0,0.0,0.0,0.0,0.0
3,0.6,50,5.0,0.7961392805731777,0.37584782953311385,1.1719871101062915,100.0,92.507204610951,96.10778443113772,2.1399999999999997,0.0,0.0,0.0,0.0,0.0,0.0,0.0,0.0
3,0.7,5,9.0,0.714008461039732,0.35200899347273457,1.0660174545124665,100.0,92.507204610951,96.10778443113772,0.68,0.0,0.0,5.551115123125783e-17,0.0,0.0,0.0,0.0,1.1102230246251565e-16
3,0.7,10,4.0,0.7160266931189859,0.3506854011695228,1.0667120942885087,100.0,92.507204610951,96.10778443113772,1.36,0.0,0.0,0.0,0.0,0.0,0.0,0.0,2.220446049250313e-16
3,0.7,15,4.0,0.7160266931189859,0.3506854011695228,1.0667120942885087,100.0,92.507204610951,96.10778443113772,1.36,0.0,0.0,0.0,0.0,0.0,0.0,0.0,2.220446049250313e-16
3,0.7,20,3.0,0.8758361222283207,0.3501002670143665,1.225936389242687,100.0,92.507204610951,96.10778443113772,1.7399999999999995,0.0,1.1102230246251565e-16,0.0,0.0,0.0,0.0,0.0,2.220446049250313e-16
3,0.7,50,4.0,0.7790212369569188,0.3512126291951798,1.1302338661520985,100.0,92.507204610951,96.10778443113772,1.76,0.0,0.0,0.0,0.0,0.0,0.0,0.0,0.0
3,0.8,5,9.0,0.7129309799996207,0.35071930539504087,1.0636502853946617,100.0,92.507204610951,96.10778443113772,0.62,0.0,1.1102230246251565e-16,0.0,0.0,0.0,0.0,0.0,0.0
3,0.8,10,4.0,0.7147586297074838,0.3496343871276928,1.0643930168351767,100.0,92.507204610951,96.10778443113772,1.3,0.0,1.1102230246251565e-16,0.0,0.0,0.0,0.0,0.0,0.0
3,0.8,15,4.0,0.7147586297074838,0.3496343871276928,1.0643930168351767,100.0,92.507204610951,96.10778443113772,1.3,0.0,1.1102230246251565e-16,0.0,0.0,0.0,0.0,0.0,0.0
3,0.8,20,4.0,0.7147586297074838,0.3496343871276928,1.0643930168351767,100.0,92.507204610951,96.10778443113772,1.3,0.0,1.1102230246251565e-16,0.0,0.0,0.0,0.0,0.0,0.0
3,0.8,50,3.0,0.8751131117693641,0.3491216264326315,1.2242347382019956,100.0,92.507204610951,96.10778443113772,1.7000000000000002,0.0,0.0,0.0,0.0,0.0,0.0,0.0,0.0
4,0.2,5,48.0,0.8949106520652821,0.37770955878724943,1.2726202108525315,100.0,92.21902017291067,95.95202398800599,4.6,0.0,0.0,0.0,0.0,0.0,1.4210854715202004e-14,0.0,0.0
4,0.2,10,33.0,0.9006038394358425,0.37322416981900797,1.2738280092548506,100.0,92.21902017291067,95.95202398800599,6.68,0.0,0.0,0.0,0.0,0.0,1.4210854715202004e-14,0.0,0.0
4,0.2,15,24.0,0.9093777191637763,0.36996239115147106,1.2793401103152473,100.0,92.21902017291067,95.95202398800599,8.84,0.0,0.0,0.0,0.0,0.0,1.4210854715202004e-14,0.0,0.0
4,0.2,20,20.0,0.9165210300988108,0.3683216205768118,1.2848426506756225,100.0,92.21902017291067,95.95202398800599,10.2,0.0,0.0,5.551115123125783e-17,0.0,0.0,1.4210854715202004e-14,0.0,0.0
4,0.2,50,11.0,0.9259257999545655,0.36329540767198704,1.2892212076265526,100.0,92.21902017291067,95.95202398800599,15.920000000000002,0.0,0.0,0.0,0.0,0.0,1.4210854715202004e-14,0.0,0.0
4,0.3,5,35.0,0.6755335949906174,0.3819491458900248,1.0574827408806422,100.0,92.21902017291067,95.95202398800599,3.44,0.0,0.0,0.0,0.0,0.0,1.4210854715202004e-14,0.0,0.0
4,0.3,10,25.0,0.7105951580712823,0.3765923187773012,1.0871874768485834,100.0,92.21902017291067,95.95202398800599,5.04,0.0,1.1102230246251565e-16,0.0,0.0,0.0,1.4210854715202004e-14,0.0,0.0
4,0.3,15,19.0,0.7099170963256806,0.3731188752732317,1.0830359715989122,100.0,92.21902017291067,95.95202398800599,6.739999999999999,0.0,0.0,0.0,0.0,0.0,1.4210854715202004e-14,0.0,8.881784197001252e-16
4,0.3,20,16.0,0.7592564053854748,0.37153048738574346,1.1307868927712184,100.0,92.21902017291067,95.95202398800599,7.7200000000000015,0.0,0.0,0.0,0.0,0.0,1.4210854715202004e-14,0.0,8.881784197001252e-16
4,0.3,50,8.0,0.7702253068906625,0.3645452447497201,1.1347705516403825,100.0,92.21902017291067,95.95202398800599,14.24,0.0,0.0,0.0,0.0,0.0,1.4210854715202004e-14,0.0,0.0
4,0.4,5,27.0,0.6900548089565154,0.38215904022447433,1.0722138491809896,100.0,92.21902017291067,95.95202398800599,2.6599999999999997,0.0,1.1102230246251565e-16,0.0,0.0,0.0,1.4210854715202004e-14,0.0,0.0
4,0.4,10,22.0,0.6937583897726873,0.3797310836802396,1.073489473452927,100.0,92.21902017291067,95.95202398800599,3.5999999999999996,0.0,0.0,0.0,0.0,0.0,1.4210854715202004e-14,0.0,0.0
4,0.4,15,17.0,0.699248022708351,0.3763993435364825,1.0756473662448336,100.0,92.21902017291067,95.95202398800599,5.220000000000001,0.0,0.0,0.0,0.0,0.0,1.4210854715202004e-14,0.0,0.0
4,0.4,20,13.0,0.7650928500001889,0.37340198074367353,1.1384948307438623,100.0,92.21902017291067,95.95202398800599,6.580000000000001,0.0,1.1102230246251565e-16,5.551115123125783e-17,0.0,0.0,1.4210854715202004e-14,0.0,8.881784197001252e-16
4,0.4,50,8.0,0.7721702626734221,0.3668001205345142,1.1389703832079365,100.0,92.21902017291067,95.95202398800599,11.660000000000002,0.0,0.0,5.551115123125783e-17,0.0,0.0,1.4210854715202004e-14,0.0,1.7763568394002505e-15
4,0.5,5,21.0,0.674223316328782,0.3852181468604659,1.059441463189248,100.0,92.21902017291067,95.95202398800599,2.06,0.0,1.1102230246251565e-16,0.0,0.0,0.0,1.4210854715202004e-14,0.0,0.0
4,0.5,10,18.0,0.6669824550868996,0.38165221447990105,1.0486346695668005,100.0,92.21902017291067,95.95202398800599,2.72,0.0,0.0,0.0,0.0,0.0,1.4210854715202004e-14,0.0,4.440892098500626e-16
4,0.5,15,16.0,0.6680313655923529,0.3799688312048953,1.0480001967972483,100.0,92.21902017291067,95.95202398800599,3.5000000000000004,0.0,0.0,5.551115123125783e-17,0.0,0.0,1.4210854715202004e-14,0.0,0.0
4,0.5,20,15.0,0.7535188102911726,0.3765923187773019,1.1301111290684744,100.0,92.21902017291067,95.95202398800599,5.04,0.0,0.0,0.0,0.0,0.0,1.4210854715202004e-14,0.0,0.0
4,0.5,50,8.0,0.7620086064413091,0.3678400891326061,1.129848695573915,100.0,92.21902017291067,95.95202398800599,10.639999999999999,0.0,0.0,5.551115123125783e-17,0.0,0.0,1.4210854715202004e-14,0.0,0.0
4,0.6,5,13.0,0.47813777307606226,0.38115766589523253,0.8592954389712948,100.0,92.21902017291067,95.95202398800599,1.72,0.0,0.0,5.551115123125783e-17,0.0,0.0,1.4210854715202004e-14,0.0,0.0
4,0.6,10,12.0,0.5016677965609005,0.3800930346221949,0.8817608311830955,100.0,92.21902017291067,95.95202398800599,2.06,0.0,0.0,0.0,0.0,0.0,1.4210854715202004e-14,0.0,0.0
4,0.6,15,11.0,0.5001192924302996,0.3796623201526275,0.8797816125829273,100.0,92.21902017291067,95.95202398800599,2.64,0.0,0.0,0.0,1.1102230246251565e-16,0.0,1.4210854715202004e-14,0.0,0.0
4,0.6,20,10.0,0.4866302194460968,0.3770653393955705,0.8636955588416674,100.0,92.21902017291067,95.95202398800599,3.3000000000000003,0.0,0.0,0.0,1.1102230246251565e-16,0.0,1.4210854715202004e-14,0.0,0.0
4,0.6,50,5.0,0.5647613575787277,0.36683378471408695,0.9315951422928146,100.0,92.21902017291067,95.95202398800599,8.42,0.0,0.0,5.551115123125783e-17,0.0,0.0,1.4210854715202004e-14,0.0,0.0
4,0.7,5,12.0,0.4057369097888594,0.3820529768116076,0.787789886600467,100.0,92.21902017291067,95.95202398800599,1.36,0.0,0.0,0.0,0.0,0.0,1.4210854715202004e-14,0.0,2.220446049250313e-16
4,0.7,10,9.0,0.4866167594242004,0.3811540743295548,0.8677708337537554,100.0,92.21902017291067,95.95202398800599,1.7999999999999998,0.0,5.551115123125783e-17,5.551115123125783e-17,1.1102230246251565e-16,0.0,1.4210854715202004e-14,0.0,0.0
4,0.7,15,8.0,0.46824788268521483,0.3796937594364924,0.8479416421217073,100.0,92.21902017291067,95.95202398800599,2.3800000000000003,0.0,5.551115123125783e-17,0.0,0.0,0.0,1.4210854715202004e-14,0.0,0.0
4,0.7,20,8.0,0.46996857225819905,0.37897708714671374,0.8489456594049128,100.0,92.21902017291067,95.95202398800599,2.44,0.0,5.551115123125783e-17,0.0,0.0,0.0,1.4210854715202004e-14,0.0,0.0
4,0.7,50,4.0,0.5452478363694657,0.3711232504105293,0.916371086779995,100.0,92.21902017291067,95.95202398800599,5.7,0.0,0.0,0.0,0.0,0.0,1.4210854715202004e-14,0.0,0.0
4,0.8,5,9.0,0.43626658774694965,0.38232823351268613,0.8185948212596359,100.0,92.36311239193084,96.02996254681649,1.34,0.0,0.0,5.551115123125783e-17,0.0,0.0,0.0,0.0,0.0
4,0.8,10,8.0,0.48713160363436253,0.38212526209252334,0.8692568657268861,100.0,92.36311239193084,96.02996254681649,1.5599999999999998,0.0,5.551115123125783e-17,5.551115123125783e-17,1.1102230246251565e-16,0.0,0.0,0.0,0.0
4,0.8,15,6.0,0.4881830156426627,0.38124945968568147,0.8694324753283441,100.0,92.36311239193084,96.02996254681649,2.08,0.0,5.551115123125783e-17,0.0,0.0,0.0,0.0,0.0,0.0
4,0.8,20,6.0,0.48819073411602987,0.3806930518192906,0.8688837859353203,100.0,92.36311239193084,96.02996254681649,2.12,0.0,0.0,0.0,1.1102230246251565e-16,0.0,0.0,0.0,0.0
4,0.8,50,4.0,0.5436939590528481,0.3727039485592997,0.9163979076121477,100.0,92.36311239193084,96.02996254681649,5.08,0.0,0.0,5.551115123125783e-17,1.1102230246251565e-16,0.0,0.0,0.0,0.0
5,0.2,5,48.0,0.8897516199970612,0.3764485868732687,1.2662002068703297,100.0,92.21902017291067,95.95202398800599,5.1,0.0,0.0,5.551115123125783e-17,0.0,0.0,1.4210854715202004e-14,0.0,0.0
5,0.2,10,31.0,0.8955081963435633,0.37199234979072143,1.2675005461342848,100.0,92.21902017291067,95.95202398800599,7.419999999999999,0.0,0.0,0.0,0.0,0.0,1.4210854715202004e-14,0.0,8.881784197001252e-16
5,0.2,15,25.0,0.9041536372196027,0.3698586480917561,1.274012285311359,100.0,92.21902017291067,95.95202398800599,8.92,0.0,0.0,0.0,0.0,0.0,1.4210854715202004e-14,0.0,0.0
5,0.2,20,21.0,0.912248652920404,0.3681440217208876,1.2803926746412917,100.0,92.21902017291067,95.95202398800599,10.36,0.0,0.0,0.0,0.0,0.0,1.4210854715202004e-14,0.0,0.0
5,0.2,50,11.0,0.9258367148724006,0.36278768653404025,1.288624401406441,100.0,92.21902017291067,95.95202398800599,16.66,0.0,0.0,0.0,0.0,0.0,1.4210854715202004e-14,0.0,0.0
5,0.3,5,39.0,0.8233505164363812,0.3815969842139881,1.2049475006503694,100.0,92.21902017291067,95.95202398800599,3.6999999999999997,0.0,0.0,0.0,0.0,0.0,1.4210854715202004e-14,0.0,0.0
5,0.3,10,31.0,0.8448915488545986,0.3757128754243501,1.2206044242789487,100.0,92.21902017291067,95.95202398800599,5.419999999999999,0.0,0.0,5.551115123125783e-17,0.0,0.0,1.4210854715202004e-14,0.0,8.881784197001252e-16
5,0.3,15,21.0,0.8509192457681404,0.3714404430711382,1.2223596888392785,100.0,92.21902017291067,95.95202398800599,7.7799999999999985,0.0,0.0,0.0,0.0,0.0,1.4210854715202004e-14,0.0,8.881784197001252e-16
5,0.3,20,19.0,0.8521166606556657,0.370333558477179,1.2224502191328448,100.0,92.21902017291067,95.95202398800599,8.559999999999999,0.0,0.0,5.551115123125783e-17,0.0,0.0,1.4210854715202004e-14,0.0,0.0
5,0.3,50,10.0,0.8628683299846478,0.36429575670591535,1.227164086690563,100.0,92.21902017291067,95.95202398800599,14.56,0.0,0.0,0.0,0.0,0.0,1.4210854715202004e-14,0.0,0.0
5,0.4,5,33.0,0.7443803484521251,0.38179642425096455,1.1261767727030896,100.0,92.21902017291067,95.95202398800599,3.06,0.0,0.0,0.0,0.0,0.0,1.4210854715202004e-14,0.0,0.0
5,0.4,10,26.0,0.7731956248682702,0.37831502924513005,1.1515106541134004,100.0,92.21902017291067,95.95202398800599,4.38,0.0,0.0,0.0,0.0,0.0,1.4210854715202004e-14,0.0,0.0
5,0.4,15,17.0,0.7815103963302074,0.37365595299469573,1.1551663493249031,100.0,92.21902017291067,95.95202398800599,6.44,0.0,0.0,0.0,0.0,0.0,1.4210854715202004e-14,0.0,8.881784197001252e-16
5,0.4,20,14.0,0.7897319818334205,0.3718983804565681,1.1616303622899886,100.0,92.21902017291067,95.95202398800599,7.48,0.0,0.0,0.0,0.0,0.0,1.4210854715202004e-14,0.0,0.0
5,0.4,50,8.0,0.793967704797606,0.3654840656352876,1.1594517704328937,100.0,92.21902017291067,95.95202398800599,13.100000000000001,0.0,1.1102230246251565e-16,0.0,0.0,0.0,1.4210854715202004e-14,0.0,0.0
5,0.5,5,26.0,0.7078077775476103,0.3827368958933984,1.0905446734410087,100.0,92.21902017291067,95.95202398800599,2.6,0.0,0.0,5.551115123125783e-17,0.0,0.0,1.4210854715202004e-14,0.0,0.0
5,0.5,10,22.0,0.7298724575824558,0.38087973270223124,1.1107521902846869,100.0,92.21902017291067,95.95202398800599,3.2399999999999998,0.0,0.0,5.551115123125783e-17,0.0,0.0,1.4210854715202004e-14,0.0,0.0
5,0.5,15,15.0,0.7401782062875616,0.37580213335928425,1.1159803396468457,100.0,92.21902017291067,95.95202398800599,5.38,0.0,0.0,0.0,0.0,0.0,1.4210854715202004e-14,0.0,0.0
5,0.5,20,14.0,0.7568730636467267,0.3739537356701428,1.1308267993168695,100.0,92.21902017291067,95.95202398800599,6.2799999999999985,0.0,0.0,0.0,0.0,0.0,1.4210854715202004e-14,0.0,8.881784197001252e-16
5,0.5,50,8.0,0.760904047304728,0.36737913292299385,1.1282831802277218,100.0,92.21902017291067,95.95202398800599,11.08,0.0,0.0,0.0,0.0,0.0,1.4210854715202004e-14,0.0,0.0
5,0.6,5,21.0,0.6553001084890848,0.38371889137060994,1.0390189998596948,100.0,92.21902017291067,95.95202398800599,2.1999999999999997,0.0,0.0,0.0,0.0,0.0,1.4210854715202004e-14,0.0,0.0
5,0.6,10,17.0,0.6759136457840912,0.381239196213116,1.0571528419972072,100.0,92.21902017291067,95.95202398800599,2.68,0.0,0.0,5.551115123125783e-17,0.0,0.0,1.4210854715202004e-14,0.0,0.0
5,0.6,15,13.0,0.6757377611678138,0.3784442811963071,1.0541820423641208,100.0,92.21902017291067,95.95202398800599,3.7999999999999994,0.0,0.0,0.0,0.0,0.0,1.4210854715202004e-14,0.0,4.440892098500626e-16
5,0.6,20,11.0,0.7022060796672246,0.3764671063897936,1.0786731860570182,100.0,92.21902017291067,95.95202398800599,4.66,0.0,0.0,5.551115123125783e-17,0.0,0.0,1.4210854715202004e-14,0.0,0.0
5,0.6,50,6.0,0.73040599319681,0.3679849029912801,1.0983908961880902,100.0,92.21902017291067,95.95202398800599,9.44,0.0,0.0,5.551115123125783e-17,0.0,0.0,1.4210854715202004e-14,0.0,0.0
5,0.7,5,15.0,0.4386204687809357,0.38254738828969287,0.8211678570706286,100.0,92.21902017291067,95.95202398800599,2.02,0.0,0.0,0.0,0.0,0.0,1.4210854715202004e-14,0.0,0.0
5,0.7,10,14.0,0.4391502604564886,0.38174904508658125,0.8208993055430698,100.0,92.21902017291067,95.95202398800599,2.32,0.0,0.0,0.0,0.0,0.0,1.4210854715202004e-14,0.0,0.0
5,0.7,15,11.0,0.4497499071160808,0.3796134589283671,0.8293633660444479,100.0,92.21902017291067,95.95202398800599,3.16,0.0,0.0,0.0,0.0,0.0,1.4210854715202004e-14,0.0,0.0
5,0.7,20,9.0,0.5432813573612602,0.3780541482995376,0.9213355056607977,100.0,92.21902017291067,95.95202398800599,4.02,0.0,0.0,0.0,0.0,0.0,1.4210854715202004e-14,0.0,0.0
5,0.7,50,6.0,0.5867771376320207,0.36976107298282884,0.9565382106148496,100.0,92.21902017291067,95.95202398800599,7.960000000000001,0.0,0.0,0.0,1.1102230246251565e-16,0.0,1.4210854715202004e-14,0.0,0.0
5,0.8,5,13.0,0.44166829323676654,0.3826444901604155,0.8243127833971821,100.0,92.21902017291067,95.95202398800599,1.9800000000000002,0.0,5.551115123125783e-17,5.551115123125783e-17,1.1102230246251565e-16,0.0,1.4210854715202004e-14,0.0,0.0
5,0.8,10,11.0,0.44020873124343257,0.3819919380122414,0.822200669255674,100.0,92.21902017291067,95.95202398800599,2.26,0.0,0.0,0.0,0.0,0.0,1.4210854715202004e-14,0.0,0.0
5,0.8,15,9.0,0.4391351100675878,0.3807481376754833,0.819883247743071,100.0,92.21902017291067,95.95202398800599,2.8000000000000003,0.0,0.0,0.0,1.1102230246251565e-16,0.0,1.4210854715202004e-14,0.0,0.0
5,0.8,20,8.0,0.5824926997949682,0.3787379111821903,0.9612306109771586,100.0,92.21902017291067,95.95202398800599,3.78,0.0,0.0,0.0,1.1102230246251565e-16,0.0,1.4210854715202004e-14,0.0,4.440892098500626e-16
5,0.8,50,5.0,0.603686390158589,0.37166387619501123,0.9753502663536002,100.0,92.21902017291067,95.95202398800599,6.739999999999999,0.0,0.0,5.551115123125783e-17,0.0,0.0,1.4210854715202004e-14,0.0,8.881784197001252e-16
6,0.2,5,52.0,0.8878490172955452,0.3751079853231675,1.262957002618713,100.0,92.21902017291067,95.95202398800599,5.7,0.0,1.1102230246251565e-16,0.0,0.0,0.0,1.4210854715202004e-14,0.0,0.0
6,0.2,10,33.0,0.8974019866137787,0.37063442524198176,1.2680364118557605,100.0,92.21902017291067,95.95202398800599,8.34,0.0,0.0,0.0,0.0,0.0,1.4210854715202004e-14,0.0,0.0
6,0.2,15,26.0,0.9136007005402985,0.36847945457959436,1.2820801551198928,100.0,92.21902017291067,95.95202398800599,10.059999999999999,0.0,0.0,5.551115123125783e-17,0.0,0.0,1.4210854715202004e-14,0.0,0.0
6,0.2,20,20.0,0.9294994630177286,0.3663807029192932,1.2958801659370218,100.0,92.21902017291067,95.95202398800599,12.1,0.0,0.0,0.0,0.0,0.0,1.4210854715202004e-14,0.0,0.0
6,0.2,50,11.0,0.9330718436923472,0.3620369427970138,1.2951087864893611,100.0,92.21902017291067,95.95202398800599,17.82,0.0,0.0,0.0,0.0,0.0,1.4210854715202004e-14,0.0,0.0
6,0.3,5,49.0,0.8942605349081655,0.37825855290630694,1.2725190878144725,100.0,92.21902017291067,95.95202398800599,4.3999999999999995,0.0,1.1102230246251565e-16,0.0,0.0,0.0,1.4210854715202004e-14,0.0,0.0
6,0.3,10,32.0,0.9009535867990911,0.3731889571566507,1.2741425439557417,100.0,92.21902017291067,95.95202398800599,6.7,0.0,0.0,0.0,0.0,0.0,1.4210854715202004e-14,0.0,0.0
6,0.3,15,25.0,0.9048255026326069,0.3705790940944203,1.275404596727027,100.0,92.21902017291067,95.95202398800599,8.38,0.0,0.0,0.0,0.0,0.0,1.4210854715202004e-14,0.0,0.0
6,0.3,20,22.0,0.9161559968401254,0.36887266295353677,1.2850286597936622,100.0,92.21902017291067,95.95202398800599,9.719999999999999,0.0,0.0,0.0,0.0,0.0,1.4210854715202004e-14,0.0,0.0
6,0.3,50,12.0,0.9241778281204912,0.36332354428366437,1.2875013724041555,100.0,92.21902017291067,95.95202398800599,15.88,0.0,0.0,0.0,0.0,0.0,1.4210854715202004e-14,0.0,1.7763568394002505e-15
6,0.4,5,41.0,0.8425532794589944,0.3803966331764253,1.2229499126354197,100.0,92.21902017291067,95.95202398800599,3.6199999999999997,0.0,0.0,0.0,0.0,0.0,1.4210854715202004e-14,0.0,4.440892098500626e-16
6,0.4,10,28.0,0.8490369367129142,0.3757128754243498,1.2247498121372642,100.0,92.21902017291067,95.95202398800599,5.419999999999999,0.0,0.0,5.551115123125783e-17,0.0,0.0,1.4210854715202004e-14,0.0,8.881784197001252e-16
6,0.4,15,20.0,0.8617128507854787,0.3720238558538347,1.2337367066393132,100.0,92.21902017291067,95.95202398800599,7.3999999999999995,0.0,1.1102230246251565e-16,0.0,0.0,0.0,1.4210854715202004e-14,0.0,0.0
6,0.4,20,19.0,0.8616849311294281,0.3707459466872509,1.232430877816679,100.0,92.21902017291067,95.95202398800599,8.260000000000002,0.0,0.0,0.0,0.0,0.0,1.4210854715202004e-14,0.0,0.0
6,0.4,50,11.0,0.8756609764334508,0.3643420986000456,1.2400030750334965,100.0,92.21902017291067,95.95202398800599,14.499999999999998,0.0,0.0,0.0,0.0,0.0,1.4210854715202004e-14,0.0,0.0
6,0.5,5,37.0,0.8346639200542079,0.38239255296765134,1.2170564730218592,100.0,92.21902017291067,95.95202398800599,3.3000000000000003,0.0,0.0,0.0,0.0,0.0,1.4210854715202004e-14,0.0,0.0
6,0.5,10,27.0,0.8478240982815604,0.37713642044848594,1.2249605187300463,100.0,92.21902017291067,95.95202398800599,4.82,0.0,0.0,0.0,0.0,0.0,1.4210854715202004e-14,0.0,0.0
6,0.5,15,18.0,0.8612383887210336,0.37237664125196734,1.2336150299730009,100.0,92.21902017291067,95.95202398800599,7.180000000000001,0.0,0.0,0.0,0.0,0.0,1.4210854715202004e-14,0.0,0.0
6,0.5,20,17.0,0.8609417414752215,0.37171286443073015,1.2326546059059518,100.0,92.21902017291067,95.95202398800599,7.599999999999999,0.0,0.0,0.0,0.0,0.0,1.4210854715202004e-14,0.0,8.881784197001252e-16
6,0.5,50,11.0,0.8764268167261915,0.36546687127809135,1.241893688004283,100.0,92.21902017291067,95.95202398800599,13.12,0.0,0.0,5.551115123125783e-17,0.0,0.0,1.4210854715202004e-14,0.0,1.7763568394002505e-15
6,0.6,5,27.0,0.7373795349164438,0.38301608160822315,1.120395616524667,100.0,92.21902017291067,95.95202398800599,2.72,0.0,0.0,0.0,0.0,0.0,1.4210854715202004e-14,0.0,4.440892098500626e-16
6,0.6,10,21.0,0.741751972815328,0.3796662877668122,1.1214182605821401,100.0,92.21902017291067,95.95202398800599,3.8800000000000003,0.0,1.1102230246251565e-16,0.0,0.0,0.0,1.4210854715202004e-14,0.0,4.440892098500626e-16
6,0.6,15,14.0,0.7532299086460008,0.37498267491528353,1.1282125835612844,100.0,92.21902017291067,95.95202398800599,5.760000000000001,0.0,0.0,0.0,0.0,0.0,1.4210854715202004e-14,0.0,8.881784197001252e-16
6,0.6,20,12.0,0.7786727688905986,0.372877117877954,1.1515498867685525,100.0,92.21902017291067,95.95202398800599,6.88,0.0,0.0,0.0,0.0,0.0,1.4210854715202004e-14,0.0,0.0
6,0.6,50,8.0,0.7828285664484732,0.3675653321035019,1.150393898551975,100.0,92.21902017291067,95.95202398800599,10.9,0.0,0.0,0.0,0.0,0.0,1.4210854715202004e-14,0.0,0.0
6,0.7,5,22.0,0.7141122655017095,0.38184972406714685,1.0959619895688564,100.0,92.21902017291067,95.95202398800599,2.5,0.0,0.0,0.0,0.0,0.0,1.4210854715202004e-14,0.0,0.0
6,0.7,10,19.0,0.7121860547079152,0.3806402865035781,1.0928263412114934,100.0,92.21902017291067,95.95202398800599,3.0,0.0,1.1102230246251565e-16,0.0,0.0,0.0,1.4210854715202004e-14,0.0,0.0
6,0.7,15,13.0,0.719250210011133,0.3776065836981097,1.0968567937092426,100.0,92.21902017291067,95.95202398800599,5.0200000000000005,0.0,0.0,0.0,0.0,0.0,1.4210854715202004e-14,0.0,0.0
6,0.7,20,12.0,0.7563118892111637,0.37461526747384416,1.1309271566850079,100.0,92.21902017291067,95.95202398800599,5.94,0.0,0.0,0.0,0.0,0.0,1.4210854715202004e-14,0.0,0.0
6,0.7,50,7.0,0.7651622192340003,0.3685706931291676,1.1337329123631679,100.0,92.21902017291067,95.95202398800599,9.98,0.0,0.0,5.551115123125783e-17,0.0,0.0,1.4210854715202004e-14,0.0,0.0
6,0.8,5,19.0,0.5226367907813615,0.3830823604738518,0.9057191512552133,100.0,92.21902017291067,95.95202398800599,2.18,0.0,0.0,0.0,0.0,0.0,1.4210854715202004e-14,0.0,0.0
6,0.8,10,16.0,0.520020412721726,0.3812582264250481,0.9012786391467742,100.0,92.21902017291067,95.95202398800599,2.76,0.0,0.0,0.0,0.0,0.0,1.4210854715202004e-14,0.0,0.0
6,0.8,15,11.0,0.5283626124262012,0.37885205477014133,0.9072146671963427,100.0,92.21902017291067,95.95202398800599,4.02,0.0,0.0,5.551115123125783e-17,1.1102230246251565e-16,0.0,1.4210854715202004e-14,0.0,0.0
6,0.8,20,10.0,0.6214814642381352,0.377640192919823,0.9991216571579583,100.0,92.21902017291067,95.95202398800599,5.0200000000000005,0.0,0.0,0.0,1.1102230246251565e-16,0.0,1.4210854715202004e-14,0.0,0.0
6,0.8,50,6.0,0.6358193856076783,0.3690627813498611,1.0048821669575394,100.0,92.21902017291067,95.95202398800599,9.56,0.0,0.0,0.0,0.0,0.0,1.4210854715202004e-14,0.0,0.0
